Seq	Host	Starttime	JobRuntime	Send	Receive	Exitval	Signal	Command
9	:	1758635584.409	     7.459	0	39	0	0	lepzoo classification run-serial Muon0 RunSummer24 --file-index 8 --silence-mode
11	:	1758635584.415	     7.500	0	39	0	0	lepzoo classification run-serial Muon0 RunSummer24 --file-index 10 --silence-mode
6	:	1758635584.401	     7.581	0	39	0	0	lepzoo classification run-serial Muon0 RunSummer24 --file-index 5 --silence-mode
3	:	1758635584.395	     7.591	0	39	0	0	lepzoo classification run-serial Muon0 RunSummer24 --file-index 2 --silence-mode
1	:	1758635584.391	     7.642	0	39	0	0	lepzoo classification run-serial Muon0 RunSummer24 --file-index 0 --silence-mode
7	:	1758635584.403	     7.685	0	39	0	0	lepzoo classification run-serial Muon0 RunSummer24 --file-index 6 --silence-mode
8	:	1758635584.406	     7.796	0	39	0	0	lepzoo classification run-serial Muon0 RunSummer24 --file-index 7 --silence-mode
5	:	1758635584.399	     7.890	0	39	0	0	lepzoo classification run-serial Muon0 RunSummer24 --file-index 4 --silence-mode
2	:	1758635584.393	     8.013	0	39	0	0	lepzoo classification run-serial Muon0 RunSummer24 --file-index 1 --silence-mode
4	:	1758635584.397	     9.024	0	39	0	0	lepzoo classification run-serial Muon0 RunSummer24 --file-index 3 --silence-mode
12	:	1758635584.418	     9.101	0	39	0	0	lepzoo classification run-serial Muon0 RunSummer24 --file-index 11 --silence-mode
10	:	1758635584.412	    10.261	0	39	0	0	lepzoo classification run-serial Muon0 RunSummer24 --file-index 9 --silence-mode
13	:	1758635591.871	     7.312	0	39	0	0	lepzoo classification run-serial Muon0 RunSummer24 --file-index 12 --silence-mode
15	:	1758635591.986	     7.292	0	39	0	0	lepzoo classification run-serial Muon0 RunSummer24 --file-index 14 --silence-mode
20	:	1758635592.295	     7.299	0	39	0	0	lepzoo classification run-serial Muon0 RunSummer24 --file-index 19 --silence-mode
19	:	1758635592.207	     7.489	0	39	0	0	lepzoo classification run-serial Muon0 RunSummer24 --file-index 18 --silence-mode
14	:	1758635591.918	     8.088	0	39	0	0	lepzoo classification run-serial Muon0 RunSummer24 --file-index 13 --silence-mode
21	:	1758635592.411	     7.838	0	39	0	0	lepzoo classification run-serial Muon0 RunSummer24 --file-index 20 --silence-mode
17	:	1758635592.039	     8.333	0	39	0	0	lepzoo classification run-serial Muon0 RunSummer24 --file-index 16 --silence-mode
22	:	1758635593.429	     7.138	0	39	0	0	lepzoo classification run-serial Muon0 RunSummer24 --file-index 21 --silence-mode
18	:	1758635592.093	     8.495	0	39	0	0	lepzoo classification run-serial Muon0 RunSummer24 --file-index 17 --silence-mode
16	:	1758635591.990	     8.634	0	39	0	0	lepzoo classification run-serial Muon0 RunSummer24 --file-index 15 --silence-mode
24	:	1758635594.676	     6.785	0	39	0	0	lepzoo classification run-serial Muon0 RunSummer24 --file-index 23 --silence-mode
23	:	1758635593.533	     8.496	0	39	0	0	lepzoo classification run-serial Muon0 RunSummer24 --file-index 22 --silence-mode
26	:	1758635599.281	     7.596	0	39	0	0	lepzoo classification run-serial Muon0 RunSummer24 --file-index 25 --silence-mode
27	:	1758635599.597	     7.484	0	39	0	0	lepzoo classification run-serial Muon0 RunSummer24 --file-index 26 --silence-mode
25	:	1758635599.186	     8.228	0	39	0	0	lepzoo classification run-serial Muon0 RunSummer24 --file-index 24 --silence-mode
31	:	1758635600.384	     7.131	0	39	0	0	lepzoo classification run-serial Muon0 RunSummer24 --file-index 30 --silence-mode
28	:	1758635599.700	     7.986	0	39	0	0	lepzoo classification run-serial Muon0 RunSummer24 --file-index 27 --silence-mode
34	:	1758635600.630	     7.184	0	39	0	0	lepzoo classification run-serial Muon0 RunSummer24 --file-index 33 --silence-mode
29	:	1758635600.011	     7.981	0	39	0	0	lepzoo classification run-serial Muon0 RunSummer24 --file-index 28 --silence-mode
30	:	1758635600.255	     7.959	0	39	0	0	lepzoo classification run-serial Muon0 RunSummer24 --file-index 29 --silence-mode
32	:	1758635600.573	     7.653	0	39	0	0	lepzoo classification run-serial Muon0 RunSummer24 --file-index 31 --silence-mode
33	:	1758635600.594	     7.665	0	39	0	0	lepzoo classification run-serial Muon0 RunSummer24 --file-index 32 --silence-mode
35	:	1758635601.466	     7.914	0	39	0	0	lepzoo classification run-serial Muon0 RunSummer24 --file-index 34 --silence-mode
36	:	1758635602.042	     8.511	0	39	0	0	lepzoo classification run-serial Muon0 RunSummer24 --file-index 35 --silence-mode
37	:	1758635606.880	     6.759	0	39	0	0	lepzoo classification run-serial Muon0 RunSummer24 --file-index 36 --silence-mode
38	:	1758635607.084	     7.024	0	39	0	0	lepzoo classification run-serial Muon0 RunSummer24 --file-index 37 --silence-mode
39	:	1758635607.418	     7.167	0	39	0	0	lepzoo classification run-serial Muon0 RunSummer24 --file-index 38 --silence-mode
40	:	1758635607.519	     7.358	0	39	0	0	lepzoo classification run-serial Muon0 RunSummer24 --file-index 39 --silence-mode
45	:	1758635608.231	     7.226	0	39	0	0	lepzoo classification run-serial Muon0 RunSummer24 --file-index 44 --silence-mode
43	:	1758635607.996	     7.615	0	39	0	0	lepzoo classification run-serial Muon0 RunSummer24 --file-index 42 --silence-mode
46	:	1758635608.265	     7.356	0	39	0	0	lepzoo classification run-serial Muon0 RunSummer24 --file-index 45 --silence-mode
44	:	1758635608.220	     7.629	0	39	0	0	lepzoo classification run-serial Muon0 RunSummer24 --file-index 43 --silence-mode
47	:	1758635609.386	     6.841	0	39	0	0	lepzoo classification run-serial Muon0 RunSummer24 --file-index 46 --silence-mode
42	:	1758635607.820	     8.499	0	39	0	0	lepzoo classification run-serial Muon0 RunSummer24 --file-index 41 --silence-mode
48	:	1758635610.557	     6.649	0	39	0	0	lepzoo classification run-serial Muon0 RunSummer24 --file-index 47 --silence-mode
41	:	1758635607.690	    10.044	0	39	0	0	lepzoo classification run-serial Muon0 RunSummer24 --file-index 40 --silence-mode
49	:	1758635613.643	     7.670	0	39	0	0	lepzoo classification run-serial Muon0 RunSummer24 --file-index 48 --silence-mode
52	:	1758635614.880	     6.486	0	39	0	0	lepzoo classification run-serial Muon0 RunSummer24 --file-index 51 --silence-mode
50	:	1758635614.112	     7.305	0	39	0	0	lepzoo classification run-serial Muon0 RunSummer24 --file-index 49 --silence-mode
51	:	1758635614.589	     7.421	0	39	0	0	lepzoo classification run-serial Muon0 RunSummer24 --file-index 50 --silence-mode
54	:	1758635615.615	     6.802	0	39	0	0	lepzoo classification run-serial Muon0 RunSummer24 --file-index 53 --silence-mode
56	:	1758635615.854	     6.968	0	39	0	0	lepzoo classification run-serial Muon0 RunSummer24 --file-index 55 --silence-mode
53	:	1758635615.461	     7.592	0	39	0	0	lepzoo classification run-serial Muon0 RunSummer24 --file-index 52 --silence-mode
55	:	1758635615.626	     7.463	0	39	0	0	lepzoo classification run-serial Muon0 RunSummer24 --file-index 54 --silence-mode
58	:	1758635616.324	     6.992	0	39	0	0	lepzoo classification run-serial Muon0 RunSummer24 --file-index 57 --silence-mode
59	:	1758635617.210	     6.986	0	39	0	0	lepzoo classification run-serial Muon0 RunSummer24 --file-index 58 --silence-mode
57	:	1758635616.231	     8.384	0	39	0	0	lepzoo classification run-serial Muon0 RunSummer24 --file-index 56 --silence-mode
60	:	1758635617.744	     7.108	0	39	0	0	lepzoo classification run-serial Muon0 RunSummer24 --file-index 59 --silence-mode
63	:	1758635621.419	     6.399	0	39	0	0	lepzoo classification run-serial Muon0 RunSummer24 --file-index 62 --silence-mode
62	:	1758635621.370	     6.580	0	39	0	0	lepzoo classification run-serial Muon0 RunSummer24 --file-index 61 --silence-mode
61	:	1758635621.316	     7.036	0	39	0	0	lepzoo classification run-serial Muon0 RunSummer24 --file-index 60 --silence-mode
64	:	1758635622.014	     7.216	0	39	0	0	lepzoo classification run-serial Muon0 RunSummer24 --file-index 63 --silence-mode
65	:	1758635622.424	     7.928	0	39	0	0	lepzoo classification run-serial Muon0 RunSummer24 --file-index 64 --silence-mode
69	:	1758635623.320	     7.059	0	39	0	0	lepzoo classification run-serial Muon0 RunSummer24 --file-index 68 --silence-mode
67	:	1758635623.057	     7.775	0	39	0	0	lepzoo classification run-serial Muon0 RunSummer24 --file-index 66 --silence-mode
70	:	1758635624.201	     6.775	0	39	0	0	lepzoo classification run-serial Muon0 RunSummer24 --file-index 69 --silence-mode
66	:	1758635622.827	     8.170	0	39	0	0	lepzoo classification run-serial Muon0 RunSummer24 --file-index 65 --silence-mode
71	:	1758635624.620	     6.402	0	39	0	0	lepzoo classification run-serial Muon0 RunSummer24 --file-index 70 --silence-mode
68	:	1758635623.092	     8.946	0	39	0	0	lepzoo classification run-serial Muon0 RunSummer24 --file-index 67 --silence-mode
72	:	1758635624.856	     7.825	0	39	0	0	lepzoo classification run-serial Muon0 RunSummer24 --file-index 71 --silence-mode
74	:	1758635627.953	     6.457	0	39	0	0	lepzoo classification run-serial Muon0 RunSummer24 --file-index 73 --silence-mode
73	:	1758635627.821	     7.036	0	39	0	0	lepzoo classification run-serial Muon0 RunSummer24 --file-index 72 --silence-mode
76	:	1758635629.234	     7.081	0	39	0	0	lepzoo classification run-serial Muon0 RunSummer24 --file-index 75 --silence-mode
75	:	1758635628.356	     8.367	0	39	0	0	lepzoo classification run-serial Muon0 RunSummer24 --file-index 74 --silence-mode
79	:	1758635630.836	     6.990	0	39	0	0	lepzoo classification run-serial Muon0 RunSummer24 --file-index 78 --silence-mode
78	:	1758635630.382	     7.710	0	39	0	0	lepzoo classification run-serial Muon0 RunSummer24 --file-index 77 --silence-mode
77	:	1758635630.357	     7.739	0	39	0	0	lepzoo classification run-serial Muon0 RunSummer24 --file-index 76 --silence-mode
80	:	1758635630.980	     7.150	0	39	0	0	lepzoo classification run-serial Muon0 RunSummer24 --file-index 79 --silence-mode
81	:	1758635631.002	     7.287	0	39	0	0	lepzoo classification run-serial Muon0 RunSummer24 --file-index 80 --silence-mode
82	:	1758635631.026	     7.843	0	39	0	0	lepzoo classification run-serial Muon0 RunSummer24 --file-index 81 --silence-mode
83	:	1758635632.043	     7.026	0	39	0	0	lepzoo classification run-serial Muon0 RunSummer24 --file-index 82 --silence-mode
84	:	1758635632.686	     7.004	0	39	0	0	lepzoo classification run-serial Muon0 RunSummer24 --file-index 83 --silence-mode
86	:	1758635634.861	     6.578	0	39	0	0	lepzoo classification run-serial Muon0 RunSummer24 --file-index 85 --silence-mode
85	:	1758635634.414	     7.142	0	39	0	0	lepzoo classification run-serial Muon0 RunSummer24 --file-index 84 --silence-mode
87	:	1758635636.318	     6.736	0	39	0	0	lepzoo classification run-serial Muon0 RunSummer24 --file-index 86 --silence-mode
88	:	1758635636.726	     7.835	0	39	0	0	lepzoo classification run-serial Muon0 RunSummer24 --file-index 87 --silence-mode
89	:	1758635637.830	     6.937	0	39	0	0	lepzoo classification run-serial Muon0 RunSummer24 --file-index 88 --silence-mode
92	:	1758635638.135	     7.033	0	39	0	0	lepzoo classification run-serial Muon0 RunSummer24 --file-index 91 --silence-mode
90	:	1758635638.097	     7.390	0	39	0	0	lepzoo classification run-serial Muon0 RunSummer24 --file-index 89 --silence-mode
93	:	1758635638.294	     7.209	0	39	0	0	lepzoo classification run-serial Muon0 RunSummer24 --file-index 92 --silence-mode
95	:	1758635639.074	     7.166	0	39	0	0	lepzoo classification run-serial Muon0 RunSummer24 --file-index 94 --silence-mode
91	:	1758635638.102	     8.352	0	39	0	0	lepzoo classification run-serial Muon0 RunSummer24 --file-index 90 --silence-mode
94	:	1758635638.874	     8.154	0	39	0	0	lepzoo classification run-serial Muon0 RunSummer24 --file-index 93 --silence-mode
96	:	1758635639.695	     8.042	0	39	0	0	lepzoo classification run-serial Muon0 RunSummer24 --file-index 95 --silence-mode
97	:	1758635641.444	     6.595	0	39	0	0	lepzoo classification run-serial Muon0 RunSummer24 --file-index 96 --silence-mode
98	:	1758635641.560	     7.071	0	39	0	0	lepzoo classification run-serial Muon0 RunSummer24 --file-index 97 --silence-mode
99	:	1758635643.058	     6.497	0	39	0	0	lepzoo classification run-serial Muon0 RunSummer24 --file-index 98 --silence-mode
100	:	1758635644.565	     6.815	0	39	0	0	lepzoo classification run-serial Muon0 RunSummer24 --file-index 99 --silence-mode
102	:	1758635645.173	     6.851	0	39	0	0	lepzoo classification run-serial Muon0 RunSummer24 --file-index 101 --silence-mode
101	:	1758635644.770	     7.360	0	39	0	0	lepzoo classification run-serial Muon0 RunSummer24 --file-index 100 --silence-mode
103	:	1758635645.491	     6.782	0	39	0	0	lepzoo classification run-serial Muon0 RunSummer24 --file-index 102 --silence-mode
104	:	1758635645.507	     7.069	0	39	0	0	lepzoo classification run-serial Muon0 RunSummer24 --file-index 103 --silence-mode
106	:	1758635646.459	     7.000	0	39	0	0	lepzoo classification run-serial Muon0 RunSummer24 --file-index 105 --silence-mode
105	:	1758635646.244	     7.559	0	39	0	0	lepzoo classification run-serial Muon0 RunSummer24 --file-index 104 --silence-mode
107	:	1758635647.032	     7.036	0	39	0	0	lepzoo classification run-serial Muon0 RunSummer24 --file-index 106 --silence-mode
108	:	1758635647.742	     7.326	0	39	0	0	lepzoo classification run-serial Muon0 RunSummer24 --file-index 107 --silence-mode
110	:	1758635648.635	     6.716	0	39	0	0	lepzoo classification run-serial Muon0 RunSummer24 --file-index 109 --silence-mode
109	:	1758635648.043	     7.654	0	39	0	0	lepzoo classification run-serial Muon0 RunSummer24 --file-index 108 --silence-mode
111	:	1758635649.559	     6.986	0	39	0	0	lepzoo classification run-serial Muon0 RunSummer24 --file-index 110 --silence-mode
112	:	1758635651.383	     7.045	0	39	0	0	lepzoo classification run-serial Muon0 RunSummer24 --file-index 111 --silence-mode
113	:	1758635652.028	     6.818	0	39	0	0	lepzoo classification run-serial Muon0 RunSummer24 --file-index 112 --silence-mode
115	:	1758635652.277	     7.562	0	39	0	0	lepzoo classification run-serial Muon0 RunSummer24 --file-index 114 --silence-mode
116	:	1758635652.587	     7.796	0	39	0	0	lepzoo classification run-serial Muon0 RunSummer24 --file-index 115 --silence-mode
114	:	1758635652.134	     8.325	0	39	0	0	lepzoo classification run-serial Muon0 RunSummer24 --file-index 113 --silence-mode
117	:	1758635653.471	     7.302	0	39	0	0	lepzoo classification run-serial Muon0 RunSummer24 --file-index 116 --silence-mode
118	:	1758635653.808	     7.326	0	39	0	0	lepzoo classification run-serial Muon0 RunSummer24 --file-index 117 --silence-mode
119	:	1758635654.072	     7.072	0	39	0	0	lepzoo classification run-serial Muon0 RunSummer24 --file-index 118 --silence-mode
120	:	1758635655.079	     6.592	0	39	0	0	lepzoo classification run-serial Muon0 RunSummer24 --file-index 119 --silence-mode
121	:	1758635655.361	     7.378	0	39	0	0	lepzoo classification run-serial Muon0 RunSummer24 --file-index 120 --silence-mode
122	:	1758635655.701	     7.377	0	39	0	0	lepzoo classification run-serial Muon0 RunSummer24 --file-index 121 --silence-mode
123	:	1758635656.553	     6.628	0	39	0	0	lepzoo classification run-serial Muon0 RunSummer24 --file-index 122 --silence-mode
124	:	1758635658.431	     7.311	0	39	0	0	lepzoo classification run-serial Muon0 RunSummer24 --file-index 123 --silence-mode
125	:	1758635658.850	     7.222	0	39	0	0	lepzoo classification run-serial Muon0 RunSummer24 --file-index 124 --silence-mode
126	:	1758635659.843	     6.861	0	39	0	0	lepzoo classification run-serial Muon0 RunSummer24 --file-index 125 --silence-mode
127	:	1758635660.387	     6.782	0	39	0	0	lepzoo classification run-serial Muon0 RunSummer24 --file-index 126 --silence-mode
128	:	1758635660.462	     6.828	0	39	0	0	lepzoo classification run-serial Muon0 RunSummer24 --file-index 127 --silence-mode
129	:	1758635660.777	     6.970	0	39	0	0	lepzoo classification run-serial Muon0 RunSummer24 --file-index 128 --silence-mode
130	:	1758635661.139	     6.996	0	39	0	0	lepzoo classification run-serial Muon0 RunSummer24 --file-index 129 --silence-mode
131	:	1758635661.149	     7.233	0	39	0	0	lepzoo classification run-serial Muon0 RunSummer24 --file-index 130 --silence-mode
132	:	1758635661.676	     6.982	0	39	0	0	lepzoo classification run-serial Muon0 RunSummer24 --file-index 131 --silence-mode
134	:	1758635663.082	     6.601	0	39	0	0	lepzoo classification run-serial Muon0 RunSummer24 --file-index 133 --silence-mode
135	:	1758635663.187	     6.792	0	39	0	0	lepzoo classification run-serial Muon0 RunSummer24 --file-index 134 --silence-mode
133	:	1758635662.743	     7.445	0	39	0	0	lepzoo classification run-serial Muon0 RunSummer24 --file-index 132 --silence-mode
136	:	1758635665.745	     6.420	0	39	0	0	lepzoo classification run-serial Muon0 RunSummer24 --file-index 135 --silence-mode
137	:	1758635666.076	     6.783	0	39	0	0	lepzoo classification run-serial Muon0 RunSummer24 --file-index 136 --silence-mode
139	:	1758635667.173	     7.105	0	39	0	0	lepzoo classification run-serial Muon0 RunSummer24 --file-index 138 --silence-mode
138	:	1758635666.709	     7.777	0	39	0	0	lepzoo classification run-serial Muon0 RunSummer24 --file-index 137 --silence-mode
141	:	1758635667.752	     7.079	0	39	0	0	lepzoo classification run-serial Muon0 RunSummer24 --file-index 140 --silence-mode
142	:	1758635668.141	     7.046	0	39	0	0	lepzoo classification run-serial Muon0 RunSummer24 --file-index 141 --silence-mode
143	:	1758635668.388	     7.789	0	39	0	0	lepzoo classification run-serial Muon0 RunSummer24 --file-index 142 --silence-mode
140	:	1758635667.294	     8.888	0	39	0	0	lepzoo classification run-serial Muon0 RunSummer24 --file-index 139 --silence-mode
145	:	1758635669.687	     6.675	0	39	0	0	lepzoo classification run-serial Muon0 RunSummer24 --file-index 144 --silence-mode
146	:	1758635669.984	     6.686	0	39	0	0	lepzoo classification run-serial Muon0 RunSummer24 --file-index 145 --silence-mode
144	:	1758635668.663	     8.804	0	39	0	0	lepzoo classification run-serial Muon0 RunSummer24 --file-index 143 --silence-mode
147	:	1758635670.193	     7.327	0	39	0	0	lepzoo classification run-serial Muon0 RunSummer24 --file-index 146 --silence-mode
149	:	1758635672.865	     6.240	0	39	0	0	lepzoo classification run-serial Muon0 RunSummer24 --file-index 148 --silence-mode
148	:	1758635672.168	     7.064	0	39	0	0	lepzoo classification run-serial Muon0 RunSummer24 --file-index 147 --silence-mode
150	:	1758635674.281	     6.697	0	39	0	0	lepzoo classification run-serial Muon0 RunSummer24 --file-index 149 --silence-mode
151	:	1758635674.491	     6.557	0	39	0	0	lepzoo classification run-serial Muon0 RunSummer24 --file-index 150 --silence-mode
153	:	1758635675.192	     7.631	0	39	0	0	lepzoo classification run-serial Muon0 RunSummer24 --file-index 152 --silence-mode
154	:	1758635676.181	     6.960	0	39	0	0	lepzoo classification run-serial Muon0 RunSummer24 --file-index 153 --silence-mode
152	:	1758635674.836	     8.506	0	39	0	0	lepzoo classification run-serial Muon0 RunSummer24 --file-index 151 --silence-mode
157	:	1758635676.674	     6.911	0	39	0	0	lepzoo classification run-serial Muon0 RunSummer24 --file-index 156 --silence-mode
155	:	1758635676.185	     7.488	0	39	0	0	lepzoo classification run-serial Muon0 RunSummer24 --file-index 154 --silence-mode
156	:	1758635676.368	     7.714	0	39	0	0	lepzoo classification run-serial Muon0 RunSummer24 --file-index 155 --silence-mode
158	:	1758635677.472	     7.788	0	39	0	0	lepzoo classification run-serial Muon0 RunSummer24 --file-index 157 --silence-mode
159	:	1758635677.525	     7.952	0	39	0	0	lepzoo classification run-serial Muon0 RunSummer24 --file-index 158 --silence-mode
160	:	1758635679.108	     6.730	0	39	0	0	lepzoo classification run-serial Muon0 RunSummer24 --file-index 159 --silence-mode
161	:	1758635679.235	     7.277	0	39	0	0	lepzoo classification run-serial Muon0 RunSummer24 --file-index 160 --silence-mode
163	:	1758635681.051	     6.463	0	39	0	0	lepzoo classification run-serial Muon0 RunSummer24 --file-index 162 --silence-mode
162	:	1758635680.981	     6.568	0	39	0	0	lepzoo classification run-serial Muon0 RunSummer24 --file-index 161 --silence-mode
165	:	1758635683.144	     6.707	0	39	0	0	lepzoo classification run-serial Muon0 RunSummer24 --file-index 164 --silence-mode
164	:	1758635682.826	     7.529	0	39	0	0	lepzoo classification run-serial Muon0 RunSummer24 --file-index 163 --silence-mode
168	:	1758635683.676	     6.838	0	39	0	0	lepzoo classification run-serial Muon0 RunSummer24 --file-index 167 --silence-mode
166	:	1758635683.345	     7.852	0	39	0	0	lepzoo classification run-serial Muon0 RunSummer24 --file-index 165 --silence-mode
167	:	1758635683.590	     7.634	0	39	0	0	lepzoo classification run-serial Muon0 RunSummer24 --file-index 166 --silence-mode
169	:	1758635684.088	     7.605	0	39	0	0	lepzoo classification run-serial Muon0 RunSummer24 --file-index 168 --silence-mode
171	:	1758635685.489	     7.554	0	39	0	0	lepzoo classification run-serial Muon0 RunSummer24 --file-index 170 --silence-mode
170	:	1758635685.263	     8.299	0	39	0	0	lepzoo classification run-serial Muon0 RunSummer24 --file-index 169 --silence-mode
172	:	1758635685.842	     7.789	0	39	0	0	lepzoo classification run-serial Muon0 RunSummer24 --file-index 171 --silence-mode
173	:	1758635686.516	     7.466	0	39	0	0	lepzoo classification run-serial Muon0 RunSummer24 --file-index 172 --silence-mode
174	:	1758635687.520	     7.368	0	39	0	0	lepzoo classification run-serial Muon0 RunSummer24 --file-index 173 --silence-mode
175	:	1758635687.553	     9.036	0	39	0	0	lepzoo classification run-serial Muon0 RunSummer24 --file-index 174 --silence-mode
178	:	1758635690.518	     6.919	0	39	0	0	lepzoo classification run-serial Muon0 RunSummer24 --file-index 177 --silence-mode
177	:	1758635690.360	     7.657	0	39	0	0	lepzoo classification run-serial Muon0 RunSummer24 --file-index 176 --silence-mode
180	:	1758635691.227	     6.875	0	39	0	0	lepzoo classification run-serial Muon0 RunSummer24 --file-index 179 --silence-mode
179	:	1758635691.202	     6.916	0	39	0	0	lepzoo classification run-serial Muon0 RunSummer24 --file-index 178 --silence-mode
176	:	1758635689.856	     8.368	0	39	0	0	lepzoo classification run-serial Muon0 RunSummer24 --file-index 175 --silence-mode
181	:	1758635691.697	     7.407	0	39	0	0	lepzoo classification run-serial Muon0 RunSummer24 --file-index 180 --silence-mode
184	:	1758635693.636	     6.798	0	39	0	0	lepzoo classification run-serial Muon0 RunSummer24 --file-index 183 --silence-mode
182	:	1758635693.049	     7.524	0	39	0	0	lepzoo classification run-serial Muon0 RunSummer24 --file-index 181 --silence-mode
185	:	1758635693.986	     6.970	0	39	0	0	lepzoo classification run-serial Muon0 RunSummer24 --file-index 184 --silence-mode
186	:	1758635694.892	     6.538	0	39	0	0	lepzoo classification run-serial Muon0 RunSummer24 --file-index 185 --silence-mode
187	:	1758635696.593	     6.669	0	39	0	0	lepzoo classification run-serial Muon0 RunSummer24 --file-index 186 --silence-mode
183	:	1758635693.566	    10.206	0	39	0	0	lepzoo classification run-serial Muon0 RunSummer24 --file-index 182 --silence-mode
188	:	1758635697.441	     6.703	0	39	0	0	lepzoo classification run-serial Muon0 RunSummer24 --file-index 187 --silence-mode
189	:	1758635698.021	     7.052	0	39	0	0	lepzoo classification run-serial Muon0 RunSummer24 --file-index 188 --silence-mode
191	:	1758635698.122	     7.036	0	39	0	0	lepzoo classification run-serial Muon0 RunSummer24 --file-index 190 --silence-mode
190	:	1758635698.106	     7.242	0	39	0	0	lepzoo classification run-serial Muon0 RunSummer24 --file-index 189 --silence-mode
192	:	1758635698.229	     7.274	0	39	0	0	lepzoo classification run-serial Muon0 RunSummer24 --file-index 191 --silence-mode
193	:	1758635699.108	     7.667	0	39	0	0	lepzoo classification run-serial Muon0 RunSummer24 --file-index 192 --silence-mode
194	:	1758635700.437	     6.546	0	39	0	0	lepzoo classification run-serial Muon0 RunSummer24 --file-index 193 --silence-mode
196	:	1758635700.961	     6.733	0	39	0	0	lepzoo classification run-serial Muon0 RunSummer24 --file-index 195 --silence-mode
197	:	1758635701.434	     7.134	0	39	0	0	lepzoo classification run-serial Muon0 RunSummer24 --file-index 196 --silence-mode
195	:	1758635700.578	     8.078	0	39	0	0	lepzoo classification run-serial Muon0 RunSummer24 --file-index 194 --silence-mode
198	:	1758635703.265	     6.675	0	39	0	0	lepzoo classification run-serial Muon0 RunSummer24 --file-index 197 --silence-mode
199	:	1758635703.776	     7.066	0	39	0	0	lepzoo classification run-serial Muon0 RunSummer24 --file-index 198 --silence-mode
200	:	1758635704.148	     7.473	0	39	0	0	lepzoo classification run-serial Muon0 RunSummer24 --file-index 199 --silence-mode
201	:	1758635705.076	     6.792	0	39	0	0	lepzoo classification run-serial Muon0 RunSummer24 --file-index 200 --silence-mode
203	:	1758635705.360	     6.884	0	39	0	0	lepzoo classification run-serial Muon0 RunSummer24 --file-index 202 --silence-mode
204	:	1758635705.507	     7.232	0	39	0	0	lepzoo classification run-serial Muon0 RunSummer24 --file-index 203 --silence-mode
202	:	1758635705.161	     7.786	0	39	0	0	lepzoo classification run-serial Muon0 RunSummer24 --file-index 201 --silence-mode
206	:	1758635706.987	     6.582	0	39	0	0	lepzoo classification run-serial Muon0 RunSummer24 --file-index 205 --silence-mode
205	:	1758635706.780	     7.746	0	39	0	0	lepzoo classification run-serial Muon0 RunSummer24 --file-index 204 --silence-mode
207	:	1758635707.698	     6.992	0	39	0	0	lepzoo classification run-serial Muon0 RunSummer24 --file-index 206 --silence-mode
209	:	1758635708.660	     6.882	0	39	0	0	lepzoo classification run-serial Muon0 RunSummer24 --file-index 208 --silence-mode
208	:	1758635708.573	     7.577	0	39	0	0	lepzoo classification run-serial Muon0 RunSummer24 --file-index 207 --silence-mode
210	:	1758635709.945	     6.804	0	39	0	0	lepzoo classification run-serial Muon0 RunSummer24 --file-index 209 --silence-mode
211	:	1758635710.846	     6.608	0	39	0	0	lepzoo classification run-serial Muon0 RunSummer24 --file-index 210 --silence-mode
213	:	1758635711.872	     6.966	0	39	0	0	lepzoo classification run-serial Muon0 RunSummer24 --file-index 212 --silence-mode
215	:	1758635712.742	     6.858	0	39	0	0	lepzoo classification run-serial Muon0 RunSummer24 --file-index 214 --silence-mode
216	:	1758635712.953	     6.883	0	39	0	0	lepzoo classification run-serial Muon0 RunSummer24 --file-index 215 --silence-mode
214	:	1758635712.249	     7.707	0	39	0	0	lepzoo classification run-serial Muon0 RunSummer24 --file-index 213 --silence-mode
212	:	1758635711.625	     8.421	0	39	0	0	lepzoo classification run-serial Muon0 RunSummer24 --file-index 211 --silence-mode
218	:	1758635714.530	     6.574	0	39	0	0	lepzoo classification run-serial Muon0 RunSummer24 --file-index 217 --silence-mode
219	:	1758635714.693	     6.832	0	39	0	0	lepzoo classification run-serial Muon0 RunSummer24 --file-index 218 --silence-mode
217	:	1758635713.580	     8.264	0	39	0	0	lepzoo classification run-serial Muon0 RunSummer24 --file-index 216 --silence-mode
220	:	1758635715.546	     7.311	0	39	0	0	lepzoo classification run-serial Muon0 RunSummer24 --file-index 219 --silence-mode
221	:	1758635716.154	     6.988	0	39	0	0	lepzoo classification run-serial Muon0 RunSummer24 --file-index 220 --silence-mode
222	:	1758635716.761	     6.513	0	39	0	0	lepzoo classification run-serial Muon0 RunSummer24 --file-index 221 --silence-mode
223	:	1758635717.459	     7.840	0	39	0	0	lepzoo classification run-serial Muon0 RunSummer24 --file-index 222 --silence-mode
224	:	1758635718.841	     6.577	0	39	0	0	lepzoo classification run-serial Muon0 RunSummer24 --file-index 223 --silence-mode
225	:	1758635719.605	     6.578	0	39	0	0	lepzoo classification run-serial Muon0 RunSummer24 --file-index 224 --silence-mode
228	:	1758635720.050	     6.689	0	39	0	0	lepzoo classification run-serial Muon0 RunSummer24 --file-index 227 --silence-mode
227	:	1758635719.961	     7.687	0	39	0	0	lepzoo classification run-serial Muon0 RunSummer24 --file-index 226 --silence-mode
226	:	1758635719.840	     8.328	0	39	0	0	lepzoo classification run-serial Muon0 RunSummer24 --file-index 225 --silence-mode
229	:	1758635721.114	     7.470	0	39	0	0	lepzoo classification run-serial Muon0 RunSummer24 --file-index 228 --silence-mode
231	:	1758635721.847	     6.780	0	39	0	0	lepzoo classification run-serial Muon0 RunSummer24 --file-index 230 --silence-mode
230	:	1758635721.528	     7.145	0	39	0	0	lepzoo classification run-serial Muon0 RunSummer24 --file-index 229 --silence-mode
233	:	1758635723.147	     6.707	0	39	0	0	lepzoo classification run-serial Muon0 RunSummer24 --file-index 232 --silence-mode
234	:	1758635723.278	     7.137	0	39	0	0	lepzoo classification run-serial Muon0 RunSummer24 --file-index 233 --silence-mode
232	:	1758635722.860	     8.123	0	39	0	0	lepzoo classification run-serial Muon0 RunSummer24 --file-index 231 --silence-mode
236	:	1758635725.422	     6.389	0	39	0	0	lepzoo classification run-serial Muon0 RunSummer24 --file-index 235 --silence-mode
235	:	1758635725.304	     6.838	0	39	0	0	lepzoo classification run-serial Muon0 RunSummer24 --file-index 234 --silence-mode
237	:	1758635726.187	     6.694	0	39	0	0	lepzoo classification run-serial Muon0 RunSummer24 --file-index 236 --silence-mode
238	:	1758635726.743	     6.711	0	39	0	0	lepzoo classification run-serial Muon0 RunSummer24 --file-index 237 --silence-mode
239	:	1758635727.652	     7.253	0	39	0	0	lepzoo classification run-serial Muon0 RunSummer24 --file-index 238 --silence-mode
240	:	1758635728.173	     6.747	0	39	0	0	lepzoo classification run-serial Muon0 RunSummer24 --file-index 239 --silence-mode
242	:	1758635728.631	     6.925	0	39	0	0	lepzoo classification run-serial Muon0 RunSummer24 --file-index 241 --silence-mode
243	:	1758635728.678	     7.480	0	39	0	0	lepzoo classification run-serial Muon0 RunSummer24 --file-index 242 --silence-mode
241	:	1758635728.589	     7.575	0	39	0	0	lepzoo classification run-serial Muon0 RunSummer24 --file-index 240 --silence-mode
245	:	1758635730.419	     6.841	0	39	0	0	lepzoo classification run-serial Muon0 RunSummer24 --file-index 244 --silence-mode
244	:	1758635729.859	     7.433	0	39	0	0	lepzoo classification run-serial Muon0 RunSummer24 --file-index 243 --silence-mode
248	:	1758635732.152	     6.565	0	39	0	0	lepzoo classification run-serial Muon0 RunSummer24 --file-index 247 --silence-mode
246	:	1758635730.987	     8.213	0	39	0	0	lepzoo classification run-serial Muon0 RunSummer24 --file-index 245 --silence-mode
247	:	1758635731.814	     7.880	0	39	0	0	lepzoo classification run-serial Muon0 RunSummer24 --file-index 246 --silence-mode
249	:	1758635732.890	     7.263	0	39	0	0	lepzoo classification run-serial Muon0 RunSummer24 --file-index 248 --silence-mode
250	:	1758635733.459	     7.788	0	39	0	0	lepzoo classification run-serial Muon0 RunSummer24 --file-index 249 --silence-mode
252	:	1758635734.924	     7.088	0	39	0	0	lepzoo classification run-serial Muon0 RunSummer24 --file-index 251 --silence-mode
253	:	1758635735.561	     6.967	0	39	0	0	lepzoo classification run-serial Muon0 RunSummer24 --file-index 252 --silence-mode
255	:	1758635736.169	     6.575	0	39	0	0	lepzoo classification run-serial Muon0 RunSummer24 --file-index 254 --silence-mode
251	:	1758635734.908	     7.993	0	39	0	0	lepzoo classification run-serial Muon0 RunSummer24 --file-index 250 --silence-mode
254	:	1758635736.161	     7.555	0	39	0	0	lepzoo classification run-serial Muon0 RunSummer24 --file-index 253 --silence-mode
256	:	1758635737.272	     7.189	0	39	0	0	lepzoo classification run-serial Muon0 RunSummer24 --file-index 255 --silence-mode
257	:	1758635737.313	     7.312	0	39	0	0	lepzoo classification run-serial Muon0 RunSummer24 --file-index 256 --silence-mode
258	:	1758635738.720	     6.533	0	39	0	0	lepzoo classification run-serial Muon0 RunSummer24 --file-index 257 --silence-mode
259	:	1758635739.203	     6.773	0	39	0	0	lepzoo classification run-serial Muon0 RunSummer24 --file-index 258 --silence-mode
260	:	1758635739.698	     7.598	0	39	0	0	lepzoo classification run-serial Muon0 RunSummer24 --file-index 259 --silence-mode
261	:	1758635740.159	     7.689	0	39	0	0	lepzoo classification run-serial Muon0 RunSummer24 --file-index 260 --silence-mode
262	:	1758635741.251	     7.226	0	39	0	0	lepzoo classification run-serial Muon0 RunSummer24 --file-index 261 --silence-mode
263	:	1758635742.016	     6.562	0	39	0	0	lepzoo classification run-serial Muon0 RunSummer24 --file-index 262 --silence-mode
265	:	1758635742.749	     6.582	0	39	0	0	lepzoo classification run-serial Muon0 RunSummer24 --file-index 264 --silence-mode
264	:	1758635742.533	     7.786	0	39	0	0	lepzoo classification run-serial Muon0 RunSummer24 --file-index 263 --silence-mode
266	:	1758635742.906	     7.501	0	39	0	0	lepzoo classification run-serial Muon0 RunSummer24 --file-index 265 --silence-mode
268	:	1758635744.465	     6.913	0	39	0	0	lepzoo classification run-serial Muon0 RunSummer24 --file-index 267 --silence-mode
269	:	1758635744.628	     6.766	0	39	0	0	lepzoo classification run-serial Muon0 RunSummer24 --file-index 268 --silence-mode
267	:	1758635743.720	     7.749	0	39	0	0	lepzoo classification run-serial Muon0 RunSummer24 --file-index 266 --silence-mode
271	:	1758635745.980	     6.506	0	39	0	0	lepzoo classification run-serial Muon0 RunSummer24 --file-index 270 --silence-mode
270	:	1758635745.258	     8.090	0	39	0	0	lepzoo classification run-serial Muon0 RunSummer24 --file-index 269 --silence-mode
272	:	1758635747.299	     6.664	0	39	0	0	lepzoo classification run-serial Muon0 RunSummer24 --file-index 271 --silence-mode
273	:	1758635747.852	     6.772	0	39	0	0	lepzoo classification run-serial Muon0 RunSummer24 --file-index 272 --silence-mode
275	:	1758635748.581	     6.609	0	39	0	0	lepzoo classification run-serial Muon0 RunSummer24 --file-index 274 --silence-mode
274	:	1758635748.481	     6.774	0	39	0	0	lepzoo classification run-serial Muon0 RunSummer24 --file-index 273 --silence-mode
276	:	1758635749.334	     6.808	0	39	0	0	lepzoo classification run-serial Muon0 RunSummer24 --file-index 275 --silence-mode
278	:	1758635750.411	     6.342	0	39	0	0	lepzoo classification run-serial Muon0 RunSummer24 --file-index 277 --silence-mode
277	:	1758635750.322	     6.740	0	39	0	0	lepzoo classification run-serial Muon0 RunSummer24 --file-index 276 --silence-mode
281	:	1758635751.474	     6.622	0	39	0	0	lepzoo classification run-serial Muon0 RunSummer24 --file-index 280 --silence-mode
280	:	1758635751.397	     6.835	0	39	0	0	lepzoo classification run-serial Muon0 RunSummer24 --file-index 279 --silence-mode
279	:	1758635751.382	     6.887	0	39	0	0	lepzoo classification run-serial Muon0 RunSummer24 --file-index 278 --silence-mode
282	:	1758635752.489	     6.559	0	39	0	0	lepzoo classification run-serial Muon0 RunSummer24 --file-index 281 --silence-mode
283	:	1758635753.351	     8.089	0	39	0	0	lepzoo classification run-serial Muon0 RunSummer24 --file-index 282 --silence-mode
284	:	1758635753.966	     7.595	0	39	0	0	lepzoo classification run-serial Muon0 RunSummer24 --file-index 283 --silence-mode
285	:	1758635754.628	     7.174	0	39	0	0	lepzoo classification run-serial Muon0 RunSummer24 --file-index 284 --silence-mode
286	:	1758635755.194	     7.246	0	39	0	0	lepzoo classification run-serial Muon0 RunSummer24 --file-index 285 --silence-mode
288	:	1758635756.146	     6.613	0	39	0	0	lepzoo classification run-serial Muon0 RunSummer24 --file-index 287 --silence-mode
287	:	1758635755.258	     8.114	0	39	0	0	lepzoo classification run-serial Muon0 RunSummer24 --file-index 286 --silence-mode
290	:	1758635757.066	     6.460	0	39	0	0	lepzoo classification run-serial Muon0 RunSummer24 --file-index 289 --silence-mode
289	:	1758635756.756	     6.888	0	39	0	0	lepzoo classification run-serial Muon0 RunSummer24 --file-index 288 --silence-mode
293	:	1758635758.280	     6.644	0	39	0	0	lepzoo classification run-serial Muon0 RunSummer24 --file-index 292 --silence-mode
292	:	1758635758.237	     7.638	0	39	0	0	lepzoo classification run-serial Muon0 RunSummer24 --file-index 291 --silence-mode
291	:	1758635758.101	     8.073	0	39	0	0	lepzoo classification run-serial Muon0 RunSummer24 --file-index 290 --silence-mode
294	:	1758635759.052	     7.372	0	39	0	0	lepzoo classification run-serial Muon0 RunSummer24 --file-index 293 --silence-mode
296	:	1758635761.564	     6.747	0	39	0	0	lepzoo classification run-serial Muon0 RunSummer24 --file-index 295 --silence-mode
295	:	1758635761.445	     6.943	0	39	0	0	lepzoo classification run-serial Muon0 RunSummer24 --file-index 294 --silence-mode
297	:	1758635761.806	     6.829	0	39	0	0	lepzoo classification run-serial Muon0 RunSummer24 --file-index 296 --silence-mode
298	:	1758635762.444	     6.762	0	39	0	0	lepzoo classification run-serial Muon0 RunSummer24 --file-index 297 --silence-mode
302	:	1758635763.647	     6.667	0	39	0	0	lepzoo classification run-serial Muon0 RunSummer24 --file-index 301 --silence-mode
301	:	1758635763.531	     6.978	0	39	0	0	lepzoo classification run-serial Muon0 RunSummer24 --file-index 300 --silence-mode
299	:	1758635762.770	     7.967	0	39	0	0	lepzoo classification run-serial Muon0 RunSummer24 --file-index 298 --silence-mode
300	:	1758635763.375	     7.651	0	39	0	0	lepzoo classification run-serial Muon0 RunSummer24 --file-index 299 --silence-mode
303	:	1758635764.928	     6.962	0	39	0	0	lepzoo classification run-serial Muon0 RunSummer24 --file-index 302 --silence-mode
304	:	1758635765.879	     6.637	0	39	0	0	lepzoo classification run-serial Muon0 RunSummer24 --file-index 303 --silence-mode
306	:	1758635766.429	     6.697	0	39	0	0	lepzoo classification run-serial Muon0 RunSummer24 --file-index 305 --silence-mode
305	:	1758635766.178	     7.460	0	39	0	0	lepzoo classification run-serial Muon0 RunSummer24 --file-index 304 --silence-mode
308	:	1758635768.391	     6.602	0	39	0	0	lepzoo classification run-serial Muon0 RunSummer24 --file-index 307 --silence-mode
307	:	1758635768.314	     6.778	0	39	0	0	lepzoo classification run-serial Muon0 RunSummer24 --file-index 306 --silence-mode
309	:	1758635768.640	     6.848	0	39	0	0	lepzoo classification run-serial Muon0 RunSummer24 --file-index 308 --silence-mode
310	:	1758635769.210	     7.786	0	39	0	0	lepzoo classification run-serial Muon0 RunSummer24 --file-index 309 --silence-mode
312	:	1758635770.517	     6.556	0	39	0	0	lepzoo classification run-serial Muon0 RunSummer24 --file-index 311 --silence-mode
313	:	1758635770.741	     7.110	0	39	0	0	lepzoo classification run-serial Muon0 RunSummer24 --file-index 312 --silence-mode
311	:	1758635770.319	     7.588	0	39	0	0	lepzoo classification run-serial Muon0 RunSummer24 --file-index 310 --silence-mode
315	:	1758635771.893	     6.753	0	39	0	0	lepzoo classification run-serial Muon0 RunSummer24 --file-index 314 --silence-mode
314	:	1758635771.030	     7.660	0	39	0	0	lepzoo classification run-serial Muon0 RunSummer24 --file-index 313 --silence-mode
318	:	1758635773.648	     6.581	0	39	0	0	lepzoo classification run-serial Muon0 RunSummer24 --file-index 317 --silence-mode
317	:	1758635773.137	     7.316	0	39	0	0	lepzoo classification run-serial Muon0 RunSummer24 --file-index 316 --silence-mode
316	:	1758635772.519	     8.075	0	39	0	0	lepzoo classification run-serial Muon0 RunSummer24 --file-index 315 --silence-mode
321	:	1758635775.492	     6.379	0	39	0	0	lepzoo classification run-serial Muon0 RunSummer24 --file-index 320 --silence-mode
319	:	1758635774.997	     6.878	0	39	0	0	lepzoo classification run-serial Muon0 RunSummer24 --file-index 318 --silence-mode
320	:	1758635775.095	     7.592	0	39	0	0	lepzoo classification run-serial Muon0 RunSummer24 --file-index 319 --silence-mode
322	:	1758635776.999	     6.725	0	39	0	0	lepzoo classification run-serial Muon0 RunSummer24 --file-index 321 --silence-mode
323	:	1758635777.077	     7.580	0	39	0	0	lepzoo classification run-serial Muon0 RunSummer24 --file-index 322 --silence-mode
324	:	1758635777.854	     7.005	0	39	0	0	lepzoo classification run-serial Muon0 RunSummer24 --file-index 323 --silence-mode
325	:	1758635777.912	     6.986	0	39	0	0	lepzoo classification run-serial Muon0 RunSummer24 --file-index 324 --silence-mode
326	:	1758635778.650	     6.819	0	39	0	0	lepzoo classification run-serial Muon0 RunSummer24 --file-index 325 --silence-mode
327	:	1758635778.694	     6.782	0	39	0	0	lepzoo classification run-serial Muon0 RunSummer24 --file-index 326 --silence-mode
330	:	1758635780.599	     6.934	0	39	0	0	lepzoo classification run-serial Muon0 RunSummer24 --file-index 329 --silence-mode
328	:	1758635780.232	     7.542	0	39	0	0	lepzoo classification run-serial Muon0 RunSummer24 --file-index 327 --silence-mode
329	:	1758635780.457	     7.609	0	39	0	0	lepzoo classification run-serial Muon0 RunSummer24 --file-index 328 --silence-mode
331	:	1758635781.875	     6.844	0	39	0	0	lepzoo classification run-serial Muon0 RunSummer24 --file-index 330 --silence-mode
332	:	1758635781.878	     7.951	0	39	0	0	lepzoo classification run-serial Muon0 RunSummer24 --file-index 331 --silence-mode
333	:	1758635782.691	     7.420	0	39	0	0	lepzoo classification run-serial Muon0 RunSummer24 --file-index 332 --silence-mode
334	:	1758635783.728	     7.368	0	39	0	0	lepzoo classification run-serial Muon0 RunSummer24 --file-index 333 --silence-mode
336	:	1758635784.869	     7.189	0	39	0	0	lepzoo classification run-serial Muon0 RunSummer24 --file-index 335 --silence-mode
337	:	1758635784.902	     7.447	0	39	0	0	lepzoo classification run-serial Muon0 RunSummer24 --file-index 336 --silence-mode
339	:	1758635785.480	     7.188	0	39	0	0	lepzoo classification run-serial Muon0 RunSummer24 --file-index 338 --silence-mode
335	:	1758635784.660	     8.595	0	39	0	0	lepzoo classification run-serial Muon0 RunSummer24 --file-index 334 --silence-mode
338	:	1758635785.473	     8.192	0	39	0	0	lepzoo classification run-serial Muon0 RunSummer24 --file-index 337 --silence-mode
341	:	1758635787.778	     6.702	0	39	0	0	lepzoo classification run-serial Muon0 RunSummer24 --file-index 340 --silence-mode
340	:	1758635787.537	     7.531	0	39	0	0	lepzoo classification run-serial Muon0 RunSummer24 --file-index 339 --silence-mode
342	:	1758635788.070	     7.387	0	39	0	0	lepzoo classification run-serial Muon0 RunSummer24 --file-index 341 --silence-mode
343	:	1758635788.722	     7.348	0	39	0	0	lepzoo classification run-serial Muon0 RunSummer24 --file-index 342 --silence-mode
345	:	1758635790.114	     6.657	0	39	0	0	lepzoo classification run-serial Muon0 RunSummer24 --file-index 344 --silence-mode
344	:	1758635789.833	     7.177	0	39	0	0	lepzoo classification run-serial Muon0 RunSummer24 --file-index 343 --silence-mode
346	:	1758635791.100	     6.898	0	39	0	0	lepzoo classification run-serial Muon0 RunSummer24 --file-index 345 --silence-mode
347	:	1758635792.061	     7.103	0	39	0	0	lepzoo classification run-serial Muon0 RunSummer24 --file-index 346 --silence-mode
348	:	1758635792.354	     6.817	0	39	0	0	lepzoo classification run-serial Muon0 RunSummer24 --file-index 347 --silence-mode
349	:	1758635792.672	     6.705	0	39	0	0	lepzoo classification run-serial Muon0 RunSummer24 --file-index 348 --silence-mode
350	:	1758635793.258	     6.650	0	39	0	0	lepzoo classification run-serial Muon0 RunSummer24 --file-index 349 --silence-mode
351	:	1758635793.669	     7.069	0	39	0	0	lepzoo classification run-serial Muon0 RunSummer24 --file-index 350 --silence-mode
352	:	1758635794.496	     6.799	0	39	0	0	lepzoo classification run-serial Muon0 RunSummer24 --file-index 351 --silence-mode
353	:	1758635795.072	     6.997	0	39	0	0	lepzoo classification run-serial Muon0 RunSummer24 --file-index 352 --silence-mode
354	:	1758635795.461	     6.641	0	39	0	0	lepzoo classification run-serial Muon0 RunSummer24 --file-index 353 --silence-mode
355	:	1758635796.074	     6.792	0	39	0	0	lepzoo classification run-serial Muon0 RunSummer24 --file-index 354 --silence-mode
356	:	1758635796.775	     6.846	0	39	0	0	lepzoo classification run-serial Muon0 RunSummer24 --file-index 355 --silence-mode
357	:	1758635797.014	     6.824	0	39	0	0	lepzoo classification run-serial Muon0 RunSummer24 --file-index 356 --silence-mode
358	:	1758635798.002	     7.180	0	39	0	0	lepzoo classification run-serial Muon0 RunSummer24 --file-index 357 --silence-mode
360	:	1758635799.175	     6.703	0	39	0	0	lepzoo classification run-serial Muon0 RunSummer24 --file-index 359 --silence-mode
361	:	1758635799.380	     6.832	0	39	0	0	lepzoo classification run-serial Muon0 RunSummer24 --file-index 360 --silence-mode
359	:	1758635799.169	     7.471	0	39	0	0	lepzoo classification run-serial Muon0 RunSummer24 --file-index 358 --silence-mode
363	:	1758635800.741	     6.986	0	39	0	0	lepzoo classification run-serial Muon0 RunSummer24 --file-index 362 --silence-mode
362	:	1758635799.911	     8.004	0	39	0	0	lepzoo classification run-serial Muon0 RunSummer24 --file-index 361 --silence-mode
364	:	1758635801.300	     6.766	0	39	0	0	lepzoo classification run-serial Muon0 RunSummer24 --file-index 363 --silence-mode
365	:	1758635802.074	     6.572	0	39	0	0	lepzoo classification run-serial Muon0 RunSummer24 --file-index 364 --silence-mode
366	:	1758635802.106	     7.628	0	39	0	0	lepzoo classification run-serial Muon0 RunSummer24 --file-index 365 --silence-mode
367	:	1758635802.869	     7.269	0	39	0	0	lepzoo classification run-serial Muon0 RunSummer24 --file-index 366 --silence-mode
369	:	1758635803.842	     6.914	0	39	0	0	lepzoo classification run-serial Muon0 RunSummer24 --file-index 368 --silence-mode
368	:	1758635803.626	     7.640	0	39	0	0	lepzoo classification run-serial Muon0 RunSummer24 --file-index 367 --silence-mode
370	:	1758635805.186	     6.850	0	39	0	0	lepzoo classification run-serial Muon0 RunSummer24 --file-index 369 --silence-mode
371	:	1758635805.881	     6.560	0	39	0	0	lepzoo classification run-serial Muon0 RunSummer24 --file-index 370 --silence-mode
372	:	1758635806.224	     7.220	0	39	0	0	lepzoo classification run-serial Muon0 RunSummer24 --file-index 371 --silence-mode
373	:	1758635806.644	     7.050	0	39	0	0	lepzoo classification run-serial Muon0 RunSummer24 --file-index 372 --silence-mode
374	:	1758635807.730	     6.629	0	39	0	0	lepzoo classification run-serial Muon0 RunSummer24 --file-index 373 --silence-mode
375	:	1758635807.919	     6.595	0	39	0	0	lepzoo classification run-serial Muon0 RunSummer24 --file-index 374 --silence-mode
376	:	1758635808.070	     6.748	0	39	0	0	lepzoo classification run-serial Muon0 RunSummer24 --file-index 375 --silence-mode
377	:	1758635808.650	     6.845	0	39	0	0	lepzoo classification run-serial Muon0 RunSummer24 --file-index 376 --silence-mode
378	:	1758635809.738	     6.721	0	39	0	0	lepzoo classification run-serial Muon0 RunSummer24 --file-index 377 --silence-mode
379	:	1758635810.142	     6.710	0	39	0	0	lepzoo classification run-serial Muon0 RunSummer24 --file-index 378 --silence-mode
380	:	1758635810.759	     6.526	0	39	0	0	lepzoo classification run-serial Muon0 RunSummer24 --file-index 379 --silence-mode
381	:	1758635811.276	     7.309	0	39	0	0	lepzoo classification run-serial Muon0 RunSummer24 --file-index 380 --silence-mode
382	:	1758635812.040	     6.578	0	39	0	0	lepzoo classification run-serial Muon0 RunSummer24 --file-index 381 --silence-mode
383	:	1758635812.446	     7.327	0	39	0	0	lepzoo classification run-serial Muon0 RunSummer24 --file-index 382 --silence-mode
384	:	1758635813.448	     6.630	0	39	0	0	lepzoo classification run-serial Muon0 RunSummer24 --file-index 383 --silence-mode
385	:	1758635813.698	     6.700	0	39	0	0	lepzoo classification run-serial Muon0 RunSummer24 --file-index 384 --silence-mode
387	:	1758635814.518	     6.766	0	39	0	0	lepzoo classification run-serial Muon0 RunSummer24 --file-index 386 --silence-mode
386	:	1758635814.363	     7.600	0	39	0	0	lepzoo classification run-serial Muon0 RunSummer24 --file-index 385 --silence-mode
389	:	1758635815.500	     6.779	0	39	0	0	lepzoo classification run-serial Muon0 RunSummer24 --file-index 388 --silence-mode
388	:	1758635814.834	     7.865	0	39	0	0	lepzoo classification run-serial Muon0 RunSummer24 --file-index 387 --silence-mode
390	:	1758635816.463	     6.533	0	39	0	0	lepzoo classification run-serial Muon0 RunSummer24 --file-index 389 --silence-mode
391	:	1758635816.857	     6.707	0	39	0	0	lepzoo classification run-serial Muon0 RunSummer24 --file-index 390 --silence-mode
392	:	1758635817.288	     7.577	0	39	0	0	lepzoo classification run-serial Muon0 RunSummer24 --file-index 391 --silence-mode
394	:	1758635818.622	     6.770	0	39	0	0	lepzoo classification run-serial Muon0 RunSummer24 --file-index 393 --silence-mode
393	:	1758635818.589	     7.266	0	39	0	0	lepzoo classification run-serial Muon0 RunSummer24 --file-index 392 --silence-mode
396	:	1758635820.081	     6.612	0	39	0	0	lepzoo classification run-serial Muon0 RunSummer24 --file-index 395 --silence-mode
395	:	1758635819.778	     7.068	0	39	0	0	lepzoo classification run-serial Muon0 RunSummer24 --file-index 394 --silence-mode
397	:	1758635820.401	     6.849	0	39	0	0	lepzoo classification run-serial Muon0 RunSummer24 --file-index 396 --silence-mode
399	:	1758635821.966	     6.674	0	39	0	0	lepzoo classification run-serial Muon0 RunSummer24 --file-index 398 --silence-mode
401	:	1758635822.703	     6.572	0	39	0	0	lepzoo classification run-serial Muon0 RunSummer24 --file-index 400 --silence-mode
398	:	1758635821.287	     8.048	0	39	0	0	lepzoo classification run-serial Muon0 RunSummer24 --file-index 397 --silence-mode
402	:	1758635823.001	     6.811	0	39	0	0	lepzoo classification run-serial Muon0 RunSummer24 --file-index 401 --silence-mode
400	:	1758635822.284	     7.607	0	39	0	0	lepzoo classification run-serial Muon0 RunSummer24 --file-index 399 --silence-mode
403	:	1758635823.569	     6.808	0	39	0	0	lepzoo classification run-serial Muon0 RunSummer24 --file-index 402 --silence-mode
404	:	1758635824.869	     6.585	0	39	0	0	lepzoo classification run-serial Muon0 RunSummer24 --file-index 403 --silence-mode
405	:	1758635825.397	     6.634	0	39	0	0	lepzoo classification run-serial Muon0 RunSummer24 --file-index 404 --silence-mode
406	:	1758635825.859	     6.518	0	39	0	0	lepzoo classification run-serial Muon0 RunSummer24 --file-index 405 --silence-mode
408	:	1758635826.850	     7.049	0	39	0	0	lepzoo classification run-serial Muon0 RunSummer24 --file-index 407 --silence-mode
409	:	1758635827.255	     7.298	0	39	0	0	lepzoo classification run-serial Muon0 RunSummer24 --file-index 408 --silence-mode
407	:	1758635826.697	     8.398	0	39	0	0	lepzoo classification run-serial Muon0 RunSummer24 --file-index 406 --silence-mode
410	:	1758635828.643	     6.595	0	39	0	0	lepzoo classification run-serial Muon0 RunSummer24 --file-index 409 --silence-mode
411	:	1758635829.280	     7.049	0	39	0	0	lepzoo classification run-serial Muon0 RunSummer24 --file-index 410 --silence-mode
414	:	1758635829.895	     6.643	0	39	0	0	lepzoo classification run-serial Muon0 RunSummer24 --file-index 413 --silence-mode
412	:	1758635829.339	     7.364	0	39	0	0	lepzoo classification run-serial Muon0 RunSummer24 --file-index 411 --silence-mode
413	:	1758635829.819	     7.078	0	39	0	0	lepzoo classification run-serial Muon0 RunSummer24 --file-index 412 --silence-mode
415	:	1758635830.381	     6.782	0	39	0	0	lepzoo classification run-serial Muon0 RunSummer24 --file-index 414 --silence-mode
417	:	1758635832.035	     6.836	0	39	0	0	lepzoo classification run-serial Muon0 RunSummer24 --file-index 416 --silence-mode
416	:	1758635831.458	     7.578	0	39	0	0	lepzoo classification run-serial Muon0 RunSummer24 --file-index 415 --silence-mode
418	:	1758635832.380	     6.709	0	39	0	0	lepzoo classification run-serial Muon0 RunSummer24 --file-index 417 --silence-mode
419	:	1758635833.902	     8.064	0	39	0	0	lepzoo classification run-serial Muon0 RunSummer24 --file-index 418 --silence-mode
421	:	1758635835.098	     6.868	0	39	0	0	lepzoo classification run-serial Muon0 RunSummer24 --file-index 420 --silence-mode
422	:	1758635835.242	     7.520	0	39	0	0	lepzoo classification run-serial Muon0 RunSummer24 --file-index 421 --silence-mode
420	:	1758635834.557	     8.488	0	39	0	0	lepzoo classification run-serial Muon0 RunSummer24 --file-index 419 --silence-mode
426	:	1758635836.901	     6.931	0	39	0	0	lepzoo classification run-serial Muon0 RunSummer24 --file-index 425 --silence-mode
427	:	1758635837.168	     7.046	0	39	0	0	lepzoo classification run-serial Muon0 RunSummer24 --file-index 426 --silence-mode
425	:	1758635836.707	     7.628	0	39	0	0	lepzoo classification run-serial Muon0 RunSummer24 --file-index 424 --silence-mode
423	:	1758635836.333	     8.047	0	39	0	0	lepzoo classification run-serial Muon0 RunSummer24 --file-index 422 --silence-mode
424	:	1758635836.542	     8.326	0	39	0	0	lepzoo classification run-serial Muon0 RunSummer24 --file-index 423 --silence-mode
430	:	1758635839.093	     6.746	0	39	0	0	lepzoo classification run-serial Muon0 RunSummer24 --file-index 429 --silence-mode
428	:	1758635838.875	     6.969	0	39	0	0	lepzoo classification run-serial Muon0 RunSummer24 --file-index 427 --silence-mode
429	:	1758635839.039	     8.424	0	39	0	0	lepzoo classification run-serial Muon0 RunSummer24 --file-index 428 --silence-mode
432	:	1758635842.044	     6.407	0	39	0	0	lepzoo classification run-serial Muon0 RunSummer24 --file-index 431 --silence-mode
431	:	1758635841.969	     7.017	0	39	0	0	lepzoo classification run-serial Muon0 RunSummer24 --file-index 430 --silence-mode
433	:	1758635842.767	     7.558	0	39	0	0	lepzoo classification run-serial Muon0 RunSummer24 --file-index 432 --silence-mode
435	:	1758635843.837	     6.701	0	39	0	0	lepzoo classification run-serial Muon0 RunSummer24 --file-index 434 --silence-mode
434	:	1758635843.053	     7.679	0	39	0	0	lepzoo classification run-serial Muon0 RunSummer24 --file-index 433 --silence-mode
437	:	1758635844.340	     6.838	0	39	0	0	lepzoo classification run-serial Muon0 RunSummer24 --file-index 436 --silence-mode
438	:	1758635844.383	     6.818	0	39	0	0	lepzoo classification run-serial Muon0 RunSummer24 --file-index 437 --silence-mode
436	:	1758635844.224	     7.003	0	39	0	0	lepzoo classification run-serial Muon0 RunSummer24 --file-index 435 --silence-mode
440	:	1758635845.844	     6.511	0	39	0	0	lepzoo classification run-serial Muon0 RunSummer24 --file-index 439 --silence-mode
441	:	1758635845.848	     6.667	0	39	0	0	lepzoo classification run-serial Muon0 RunSummer24 --file-index 440 --silence-mode
439	:	1758635844.873	     7.943	0	39	0	0	lepzoo classification run-serial Muon0 RunSummer24 --file-index 438 --silence-mode
442	:	1758635847.466	     6.694	0	39	0	0	lepzoo classification run-serial Muon0 RunSummer24 --file-index 441 --silence-mode
444	:	1758635848.990	     6.447	0	39	0	0	lepzoo classification run-serial Muon0 RunSummer24 --file-index 443 --silence-mode
443	:	1758635848.457	     7.550	0	39	0	0	lepzoo classification run-serial Muon0 RunSummer24 --file-index 442 --silence-mode
445	:	1758635850.329	     6.874	0	39	0	0	lepzoo classification run-serial Muon0 RunSummer24 --file-index 444 --silence-mode
446	:	1758635850.541	     6.966	0	39	0	0	lepzoo classification run-serial Muon0 RunSummer24 --file-index 445 --silence-mode
450	:	1758635851.232	     6.814	0	39	0	0	lepzoo classification run-serial Muon0 RunSummer24 --file-index 449 --silence-mode
448	:	1758635851.182	     6.937	0	39	0	0	lepzoo classification run-serial Muon0 RunSummer24 --file-index 447 --silence-mode
447	:	1758635850.736	     7.563	0	39	0	0	lepzoo classification run-serial Muon0 RunSummer24 --file-index 446 --silence-mode
451	:	1758635852.360	     6.999	0	39	0	0	lepzoo classification run-serial Muon0 RunSummer24 --file-index 450 --silence-mode
452	:	1758635852.519	     6.856	0	39	0	0	lepzoo classification run-serial Muon0 RunSummer24 --file-index 451 --silence-mode
449	:	1758635851.205	     8.266	0	39	0	0	lepzoo classification run-serial Muon0 RunSummer24 --file-index 448 --silence-mode
453	:	1758635852.820	     6.795	0	39	0	0	lepzoo classification run-serial Muon0 RunSummer24 --file-index 452 --silence-mode
454	:	1758635854.164	     6.476	0	39	0	0	lepzoo classification run-serial Muon0 RunSummer24 --file-index 453 --silence-mode
455	:	1758635855.441	     6.755	0	39	0	0	lepzoo classification run-serial Muon0 RunSummer24 --file-index 454 --silence-mode
456	:	1758635856.011	     7.169	0	39	0	0	lepzoo classification run-serial Muon0 RunSummer24 --file-index 455 --silence-mode
457	:	1758635857.215	     6.800	0	39	0	0	lepzoo classification run-serial Muon0 RunSummer24 --file-index 456 --silence-mode
458	:	1758635857.510	     6.806	0	39	0	0	lepzoo classification run-serial Muon0 RunSummer24 --file-index 457 --silence-mode
459	:	1758635858.050	     6.713	0	39	0	0	lepzoo classification run-serial Muon0 RunSummer24 --file-index 458 --silence-mode
460	:	1758635858.122	     7.644	0	39	0	0	lepzoo classification run-serial Muon0 RunSummer24 --file-index 459 --silence-mode
461	:	1758635858.304	     7.739	0	39	0	0	lepzoo classification run-serial Muon0 RunSummer24 --file-index 460 --silence-mode
464	:	1758635859.476	     6.606	0	39	0	0	lepzoo classification run-serial Muon0 RunSummer24 --file-index 463 --silence-mode
463	:	1758635859.380	     6.908	0	39	0	0	lepzoo classification run-serial Muon0 RunSummer24 --file-index 462 --silence-mode
462	:	1758635859.370	     6.985	0	39	0	0	lepzoo classification run-serial Muon0 RunSummer24 --file-index 461 --silence-mode
465	:	1758635859.619	     7.752	0	39	0	0	lepzoo classification run-serial Muon0 RunSummer24 --file-index 464 --silence-mode
466	:	1758635860.653	     6.925	0	39	0	0	lepzoo classification run-serial Muon0 RunSummer24 --file-index 465 --silence-mode
467	:	1758635862.199	     7.569	0	39	0	0	lepzoo classification run-serial Muon0 RunSummer24 --file-index 466 --silence-mode
468	:	1758635863.184	     7.203	0	39	0	0	lepzoo classification run-serial Muon0 RunSummer24 --file-index 467 --silence-mode
469	:	1758635864.018	     6.576	0	39	0	0	lepzoo classification run-serial Muon0 RunSummer24 --file-index 468 --silence-mode
470	:	1758635864.321	     6.754	0	39	0	0	lepzoo classification run-serial Muon0 RunSummer24 --file-index 469 --silence-mode
471	:	1758635864.768	     6.690	0	39	0	0	lepzoo classification run-serial Muon0 RunSummer24 --file-index 470 --silence-mode
473	:	1758635866.046	     6.947	0	39	0	0	lepzoo classification run-serial Muon0 RunSummer24 --file-index 472 --silence-mode
472	:	1758635865.770	     7.291	0	39	0	0	lepzoo classification run-serial Muon0 RunSummer24 --file-index 471 --silence-mode
475	:	1758635866.293	     6.964	0	39	0	0	lepzoo classification run-serial Muon0 RunSummer24 --file-index 474 --silence-mode
474	:	1758635866.087	     7.180	0	39	0	0	lepzoo classification run-serial Muon0 RunSummer24 --file-index 473 --silence-mode
476	:	1758635866.359	     7.138	0	39	0	0	lepzoo classification run-serial Muon0 RunSummer24 --file-index 475 --silence-mode
478	:	1758635867.583	     7.302	0	39	0	0	lepzoo classification run-serial Muon0 RunSummer24 --file-index 477 --silence-mode
477	:	1758635867.378	     7.986	0	39	0	0	lepzoo classification run-serial Muon0 RunSummer24 --file-index 476 --silence-mode
480	:	1758635870.391	     6.387	0	39	0	0	lepzoo classification run-serial Muon0 RunSummer24 --file-index 479 --silence-mode
479	:	1758635869.771	     7.348	0	39	0	0	lepzoo classification run-serial Muon0 RunSummer24 --file-index 478 --silence-mode
481	:	1758635870.598	     6.869	0	39	0	0	lepzoo classification run-serial Muon0 RunSummer24 --file-index 480 --silence-mode
482	:	1758635871.079	     6.585	0	39	0	0	lepzoo classification run-serial Muon0 RunSummer24 --file-index 481 --silence-mode
483	:	1758635871.461	     6.913	0	39	0	0	lepzoo classification run-serial Muon0 RunSummer24 --file-index 482 --silence-mode
484	:	1758635872.997	     6.703	0	39	0	0	lepzoo classification run-serial Muon0 RunSummer24 --file-index 483 --silence-mode
487	:	1758635873.271	     6.791	0	39	0	0	lepzoo classification run-serial Muon0 RunSummer24 --file-index 486 --silence-mode
488	:	1758635873.502	     7.247	0	39	0	0	lepzoo classification run-serial Muon0 RunSummer24 --file-index 487 --silence-mode
486	:	1758635873.262	     7.665	0	39	0	0	lepzoo classification run-serial Muon0 RunSummer24 --file-index 485 --silence-mode
485	:	1758635873.064	     8.186	0	39	0	0	lepzoo classification run-serial Muon0 RunSummer24 --file-index 484 --silence-mode
489	:	1758635874.891	     6.694	0	39	0	0	lepzoo classification run-serial Muon0 RunSummer24 --file-index 488 --silence-mode
490	:	1758635875.369	     7.275	0	39	0	0	lepzoo classification run-serial Muon0 RunSummer24 --file-index 489 --silence-mode
492	:	1758635877.122	     6.864	0	39	0	0	lepzoo classification run-serial Muon0 RunSummer24 --file-index 491 --silence-mode
491	:	1758635876.781	     7.812	0	39	0	0	lepzoo classification run-serial Muon0 RunSummer24 --file-index 490 --silence-mode
495	:	1758635878.378	     6.680	0	39	0	0	lepzoo classification run-serial Muon0 RunSummer24 --file-index 494 --silence-mode
494	:	1758635877.668	     7.497	0	39	0	0	lepzoo classification run-serial Muon0 RunSummer24 --file-index 493 --silence-mode
493	:	1758635877.471	     7.748	0	39	0	0	lepzoo classification run-serial Muon0 RunSummer24 --file-index 492 --silence-mode
496	:	1758635879.704	     6.474	0	39	0	0	lepzoo classification run-serial Muon0 RunSummer24 --file-index 495 --silence-mode
497	:	1758635880.065	     6.644	0	39	0	0	lepzoo classification run-serial Muon0 RunSummer24 --file-index 496 --silence-mode
498	:	1758635880.759	     7.194	0	39	0	0	lepzoo classification run-serial Muon0 RunSummer24 --file-index 497 --silence-mode
499	:	1758635880.932	     7.127	0	39	0	0	lepzoo classification run-serial Muon0 RunSummer24 --file-index 498 --silence-mode
500	:	1758635881.256	     6.901	0	39	0	0	lepzoo classification run-serial Muon0 RunSummer24 --file-index 499 --silence-mode
501	:	1758635881.589	     7.611	0	39	0	0	lepzoo classification run-serial Muon0 RunSummer24 --file-index 500 --silence-mode
502	:	1758635882.648	     7.582	0	39	0	0	lepzoo classification run-serial Muon0 RunSummer24 --file-index 501 --silence-mode
504	:	1758635884.596	     6.699	0	39	0	0	lepzoo classification run-serial Muon0 RunSummer24 --file-index 503 --silence-mode
503	:	1758635883.989	     7.386	0	39	0	0	lepzoo classification run-serial Muon0 RunSummer24 --file-index 502 --silence-mode
507	:	1758635885.222	     7.143	0	39	0	0	lepzoo classification run-serial Muon0 RunSummer24 --file-index 506 --silence-mode
506	:	1758635885.170	     7.583	0	39	0	0	lepzoo classification run-serial Muon0 RunSummer24 --file-index 505 --silence-mode
508	:	1758635886.183	     6.748	0	39	0	0	lepzoo classification run-serial Muon0 RunSummer24 --file-index 507 --silence-mode
505	:	1758635885.065	     8.386	0	39	0	0	lepzoo classification run-serial Muon0 RunSummer24 --file-index 504 --silence-mode
509	:	1758635886.714	     7.661	0	39	0	0	lepzoo classification run-serial Muon0 RunSummer24 --file-index 508 --silence-mode
510	:	1758635887.956	     6.862	0	39	0	0	lepzoo classification run-serial Muon0 RunSummer24 --file-index 509 --silence-mode
512	:	1758635888.162	     6.853	0	39	0	0	lepzoo classification run-serial Muon0 RunSummer24 --file-index 511 --silence-mode
511	:	1758635888.062	     7.414	0	39	0	0	lepzoo classification run-serial Muon0 RunSummer24 --file-index 510 --silence-mode
513	:	1758635889.215	     6.421	0	39	0	0	lepzoo classification run-serial Muon0 RunSummer24 --file-index 512 --silence-mode
514	:	1758635890.235	     6.900	0	39	0	0	lepzoo classification run-serial Muon0 RunSummer24 --file-index 513 --silence-mode
516	:	1758635891.384	     6.674	0	39	0	0	lepzoo classification run-serial Muon0 RunSummer24 --file-index 515 --silence-mode
515	:	1758635891.299	     7.305	0	39	0	0	lepzoo classification run-serial Muon0 RunSummer24 --file-index 514 --silence-mode
517	:	1758635892.378	     6.908	0	39	0	0	lepzoo classification run-serial Muon0 RunSummer24 --file-index 516 --silence-mode
519	:	1758635892.935	     6.746	0	39	0	0	lepzoo classification run-serial Muon0 RunSummer24 --file-index 518 --silence-mode
518	:	1758635892.757	     7.453	0	39	0	0	lepzoo classification run-serial Muon0 RunSummer24 --file-index 517 --silence-mode
520	:	1758635893.455	     6.860	0	39	0	0	lepzoo classification run-serial Muon0 RunSummer24 --file-index 519 --silence-mode
523	:	1758635895.020	     6.997	0	39	0	0	lepzoo classification run-serial Muon0 RunSummer24 --file-index 522 --silence-mode
524	:	1758635895.480	     6.595	0	39	0	0	lepzoo classification run-serial Muon0 RunSummer24 --file-index 523 --silence-mode
522	:	1758635894.826	     7.703	0	39	0	0	lepzoo classification run-serial Muon0 RunSummer24 --file-index 521 --silence-mode
525	:	1758635895.651	     7.096	0	39	0	0	lepzoo classification run-serial Muon0 RunSummer24 --file-index 524 --silence-mode
521	:	1758635894.380	     8.525	0	39	0	0	lepzoo classification run-serial Muon0 RunSummer24 --file-index 520 --silence-mode
526	:	1758635897.138	     6.481	0	39	0	0	lepzoo classification run-serial Muon0 RunSummer24 --file-index 525 --silence-mode
527	:	1758635898.061	     6.629	0	39	0	0	lepzoo classification run-serial Muon0 RunSummer24 --file-index 526 --silence-mode
528	:	1758635898.608	     7.388	0	39	0	0	lepzoo classification run-serial Muon0 RunSummer24 --file-index 527 --silence-mode
530	:	1758635899.686	     6.789	0	39	0	0	lepzoo classification run-serial Muon0 RunSummer24 --file-index 529 --silence-mode
532	:	1758635900.318	     6.585	0	39	0	0	lepzoo classification run-serial Muon0 RunSummer24 --file-index 531 --silence-mode
529	:	1758635899.291	     7.965	0	39	0	0	lepzoo classification run-serial Muon0 RunSummer24 --file-index 528 --silence-mode
531	:	1758635900.214	     7.496	0	39	0	0	lepzoo classification run-serial Muon0 RunSummer24 --file-index 530 --silence-mode
534	:	1758635902.079	     6.677	0	39	0	0	lepzoo classification run-serial Muon0 RunSummer24 --file-index 533 --silence-mode
535	:	1758635902.533	     6.844	0	39	0	0	lepzoo classification run-serial Muon0 RunSummer24 --file-index 534 --silence-mode
537	:	1758635902.910	     6.678	0	39	0	0	lepzoo classification run-serial Muon0 RunSummer24 --file-index 536 --silence-mode
533	:	1758635902.021	     7.686	0	39	0	0	lepzoo classification run-serial Muon0 RunSummer24 --file-index 532 --silence-mode
536	:	1758635902.751	     7.912	0	39	0	0	lepzoo classification run-serial Muon0 RunSummer24 --file-index 535 --silence-mode
538	:	1758635903.624	     7.305	0	39	0	0	lepzoo classification run-serial Muon0 RunSummer24 --file-index 537 --silence-mode
539	:	1758635904.695	     7.631	0	39	0	0	lepzoo classification run-serial Muon0 RunSummer24 --file-index 538 --silence-mode
540	:	1758635906.000	     6.523	0	39	0	0	lepzoo classification run-serial Muon0 RunSummer24 --file-index 539 --silence-mode
541	:	1758635906.479	     7.194	0	39	0	0	lepzoo classification run-serial Muon0 RunSummer24 --file-index 540 --silence-mode
542	:	1758635906.906	     7.110	0	39	0	0	lepzoo classification run-serial Muon0 RunSummer24 --file-index 541 --silence-mode
543	:	1758635907.259	     7.210	0	39	0	0	lepzoo classification run-serial Muon0 RunSummer24 --file-index 542 --silence-mode
544	:	1758635907.714	     6.814	0	39	0	0	lepzoo classification run-serial Muon0 RunSummer24 --file-index 543 --silence-mode
545	:	1758635908.761	     6.560	0	39	0	0	lepzoo classification run-serial Muon0 RunSummer24 --file-index 544 --silence-mode
546	:	1758635909.380	     6.948	0	39	0	0	lepzoo classification run-serial Muon0 RunSummer24 --file-index 545 --silence-mode
547	:	1758635909.592	     6.766	0	39	0	0	lepzoo classification run-serial Muon0 RunSummer24 --file-index 546 --silence-mode
549	:	1758635910.668	     6.689	0	39	0	0	lepzoo classification run-serial Muon0 RunSummer24 --file-index 548 --silence-mode
548	:	1758635909.711	     8.105	0	39	0	0	lepzoo classification run-serial Muon0 RunSummer24 --file-index 547 --silence-mode
550	:	1758635910.934	     7.417	0	39	0	0	lepzoo classification run-serial Muon0 RunSummer24 --file-index 549 --silence-mode
551	:	1758635912.329	     7.286	0	39	0	0	lepzoo classification run-serial Muon0 RunSummer24 --file-index 550 --silence-mode
552	:	1758635912.526	     7.529	0	39	0	0	lepzoo classification run-serial Muon0 RunSummer24 --file-index 551 --silence-mode
553	:	1758635913.686	     6.800	0	39	0	0	lepzoo classification run-serial Muon0 RunSummer24 --file-index 552 --silence-mode
554	:	1758635914.019	     6.783	0	39	0	0	lepzoo classification run-serial Muon0 RunSummer24 --file-index 553 --silence-mode
556	:	1758635914.531	     6.917	0	39	0	0	lepzoo classification run-serial Muon0 RunSummer24 --file-index 555 --silence-mode
555	:	1758635914.474	     7.015	0	39	0	0	lepzoo classification run-serial Muon0 RunSummer24 --file-index 554 --silence-mode
557	:	1758635915.324	     7.826	0	39	0	0	lepzoo classification run-serial Muon0 RunSummer24 --file-index 556 --silence-mode
559	:	1758635916.361	     7.082	0	39	0	0	lepzoo classification run-serial Muon0 RunSummer24 --file-index 558 --silence-mode
558	:	1758635916.333	     7.552	0	39	0	0	lepzoo classification run-serial Muon0 RunSummer24 --file-index 557 --silence-mode
560	:	1758635917.361	     6.804	0	39	0	0	lepzoo classification run-serial Muon0 RunSummer24 --file-index 559 --silence-mode
561	:	1758635917.821	     6.673	0	39	0	0	lepzoo classification run-serial Muon0 RunSummer24 --file-index 560 --silence-mode
562	:	1758635918.354	     6.569	0	39	0	0	lepzoo classification run-serial Muon0 RunSummer24 --file-index 561 --silence-mode
563	:	1758635919.618	     7.164	0	39	0	0	lepzoo classification run-serial Muon0 RunSummer24 --file-index 562 --silence-mode
564	:	1758635920.059	     7.272	0	39	0	0	lepzoo classification run-serial Muon0 RunSummer24 --file-index 563 --silence-mode
565	:	1758635920.491	     7.633	0	39	0	0	lepzoo classification run-serial Muon0 RunSummer24 --file-index 564 --silence-mode
568	:	1758635921.493	     6.657	0	39	0	0	lepzoo classification run-serial Muon0 RunSummer24 --file-index 567 --silence-mode
567	:	1758635921.452	     6.710	0	39	0	0	lepzoo classification run-serial Muon0 RunSummer24 --file-index 566 --silence-mode
566	:	1758635920.807	     7.417	0	39	0	0	lepzoo classification run-serial Muon0 RunSummer24 --file-index 565 --silence-mode
569	:	1758635923.153	     6.617	0	39	0	0	lepzoo classification run-serial Muon0 RunSummer24 --file-index 568 --silence-mode
570	:	1758635923.446	     6.870	0	39	0	0	lepzoo classification run-serial Muon0 RunSummer24 --file-index 569 --silence-mode
573	:	1758635924.498	     6.537	0	39	0	0	lepzoo classification run-serial Muon0 RunSummer24 --file-index 572 --silence-mode
572	:	1758635924.169	     6.972	0	39	0	0	lepzoo classification run-serial Muon0 RunSummer24 --file-index 571 --silence-mode
574	:	1758635924.926	     6.607	0	39	0	0	lepzoo classification run-serial Muon0 RunSummer24 --file-index 573 --silence-mode
571	:	1758635923.888	     8.177	0	39	0	0	lepzoo classification run-serial Muon0 RunSummer24 --file-index 570 --silence-mode
575	:	1758635926.786	     6.855	0	39	0	0	lepzoo classification run-serial Muon0 RunSummer24 --file-index 574 --silence-mode
577	:	1758635928.129	     6.723	0	39	0	0	lepzoo classification run-serial Muon0 RunSummer24 --file-index 576 --silence-mode
580	:	1758635928.230	     6.749	0	39	0	0	lepzoo classification run-serial Muon0 RunSummer24 --file-index 579 --silence-mode
578	:	1758635928.156	     6.963	0	39	0	0	lepzoo classification run-serial Muon0 RunSummer24 --file-index 577 --silence-mode
576	:	1758635927.335	     7.803	0	39	0	0	lepzoo classification run-serial Muon0 RunSummer24 --file-index 575 --silence-mode
579	:	1758635928.166	     7.691	0	39	0	0	lepzoo classification run-serial Muon0 RunSummer24 --file-index 578 --silence-mode
582	:	1758635930.320	     6.416	0	39	0	0	lepzoo classification run-serial Muon0 RunSummer24 --file-index 581 --silence-mode
581	:	1758635929.774	     7.429	0	39	0	0	lepzoo classification run-serial Muon0 RunSummer24 --file-index 580 --silence-mode
583	:	1758635931.039	     6.457	0	39	0	0	lepzoo classification run-serial Muon0 RunSummer24 --file-index 582 --silence-mode
585	:	1758635931.537	     6.577	0	39	0	0	lepzoo classification run-serial Muon0 RunSummer24 --file-index 584 --silence-mode
584	:	1758635931.145	     7.207	0	39	0	0	lepzoo classification run-serial Muon0 RunSummer24 --file-index 583 --silence-mode
586	:	1758635932.070	     7.210	0	39	0	0	lepzoo classification run-serial Muon0 RunSummer24 --file-index 585 --silence-mode
587	:	1758635933.644	     6.504	0	39	0	0	lepzoo classification run-serial Muon0 RunSummer24 --file-index 586 --silence-mode
589	:	1758635934.982	     6.392	0	39	0	0	lepzoo classification run-serial Muon0 RunSummer24 --file-index 588 --silence-mode
588	:	1758635934.856	     6.963	0	39	0	0	lepzoo classification run-serial Muon0 RunSummer24 --file-index 587 --silence-mode
591	:	1758635935.142	     7.016	0	39	0	0	lepzoo classification run-serial Muon0 RunSummer24 --file-index 590 --silence-mode
592	:	1758635935.861	     6.707	0	39	0	0	lepzoo classification run-serial Muon0 RunSummer24 --file-index 591 --silence-mode
590	:	1758635935.124	     7.582	0	39	0	0	lepzoo classification run-serial Muon0 RunSummer24 --file-index 589 --silence-mode
593	:	1758635936.739	     6.886	0	39	0	0	lepzoo classification run-serial Muon0 RunSummer24 --file-index 592 --silence-mode
595	:	1758635937.499	     6.682	0	39	0	0	lepzoo classification run-serial Muon0 RunSummer24 --file-index 594 --silence-mode
596	:	1758635938.118	     6.467	0	39	0	0	lepzoo classification run-serial Muon0 RunSummer24 --file-index 595 --silence-mode
594	:	1758635937.206	     8.197	0	39	0	0	lepzoo classification run-serial Muon0 RunSummer24 --file-index 593 --silence-mode
597	:	1758635938.358	     7.562	0	39	0	0	lepzoo classification run-serial Muon0 RunSummer24 --file-index 596 --silence-mode
598	:	1758635939.286	     7.351	0	39	0	0	lepzoo classification run-serial Muon0 RunSummer24 --file-index 597 --silence-mode
599	:	1758635940.152	     6.789	0	39	0	0	lepzoo classification run-serial Muon0 RunSummer24 --file-index 598 --silence-mode
601	:	1758635941.822	     6.588	0	39	0	0	lepzoo classification run-serial Muon0 RunSummer24 --file-index 600 --silence-mode
600	:	1758635941.378	     7.220	0	39	0	0	lepzoo classification run-serial Muon0 RunSummer24 --file-index 599 --silence-mode
604	:	1758635942.710	     6.728	0	39	0	0	lepzoo classification run-serial Muon0 RunSummer24 --file-index 603 --silence-mode
602	:	1758635942.162	     7.779	0	39	0	0	lepzoo classification run-serial Muon0 RunSummer24 --file-index 601 --silence-mode
603	:	1758635942.572	     7.501	0	39	0	0	lepzoo classification run-serial Muon0 RunSummer24 --file-index 602 --silence-mode
605	:	1758635943.630	     6.669	0	39	0	0	lepzoo classification run-serial Muon0 RunSummer24 --file-index 604 --silence-mode
607	:	1758635944.590	     6.817	0	39	0	0	lepzoo classification run-serial Muon0 RunSummer24 --file-index 606 --silence-mode
606	:	1758635944.185	     7.253	0	39	0	0	lepzoo classification run-serial Muon0 RunSummer24 --file-index 605 --silence-mode
608	:	1758635945.407	     6.703	0	39	0	0	lepzoo classification run-serial Muon0 RunSummer24 --file-index 607 --silence-mode
609	:	1758635945.923	     6.722	0	39	0	0	lepzoo classification run-serial Muon0 RunSummer24 --file-index 608 --silence-mode
610	:	1758635946.642	     6.523	0	39	0	0	lepzoo classification run-serial Muon0 RunSummer24 --file-index 609 --silence-mode
611	:	1758635946.944	     6.971	0	39	0	0	lepzoo classification run-serial Muon0 RunSummer24 --file-index 610 --silence-mode
613	:	1758635948.601	     6.534	0	39	0	0	lepzoo classification run-serial Muon0 RunSummer24 --file-index 612 --silence-mode
612	:	1758635948.413	     6.775	0	39	0	0	lepzoo classification run-serial Muon0 RunSummer24 --file-index 611 --silence-mode
614	:	1758635949.455	     6.683	0	39	0	0	lepzoo classification run-serial Muon0 RunSummer24 --file-index 613 --silence-mode
615	:	1758635949.944	     6.474	0	39	0	0	lepzoo classification run-serial Muon0 RunSummer24 --file-index 614 --silence-mode
616	:	1758635950.077	     6.834	0	39	0	0	lepzoo classification run-serial Muon0 RunSummer24 --file-index 615 --silence-mode
619	:	1758635951.442	     6.595	0	39	0	0	lepzoo classification run-serial Muon0 RunSummer24 --file-index 618 --silence-mode
618	:	1758635951.410	     6.736	0	39	0	0	lepzoo classification run-serial Muon0 RunSummer24 --file-index 617 --silence-mode
617	:	1758635950.303	     8.207	0	39	0	0	lepzoo classification run-serial Muon0 RunSummer24 --file-index 616 --silence-mode
620	:	1758635952.114	     7.335	0	39	0	0	lepzoo classification run-serial Muon0 RunSummer24 --file-index 619 --silence-mode
621	:	1758635952.650	     6.879	0	39	0	0	lepzoo classification run-serial Muon0 RunSummer24 --file-index 620 --silence-mode
622	:	1758635953.169	     6.669	0	39	0	0	lepzoo classification run-serial Muon0 RunSummer24 --file-index 621 --silence-mode
623	:	1758635953.919	     6.482	0	39	0	0	lepzoo classification run-serial Muon0 RunSummer24 --file-index 622 --silence-mode
625	:	1758635955.192	     6.596	0	39	0	0	lepzoo classification run-serial Muon0 RunSummer24 --file-index 624 --silence-mode
624	:	1758635955.139	     6.670	0	39	0	0	lepzoo classification run-serial Muon0 RunSummer24 --file-index 623 --silence-mode
626	:	1758635956.142	     6.967	0	39	0	0	lepzoo classification run-serial Muon0 RunSummer24 --file-index 625 --silence-mode
627	:	1758635956.423	     7.680	0	39	0	0	lepzoo classification run-serial Muon0 RunSummer24 --file-index 626 --silence-mode
628	:	1758635956.914	     7.753	0	39	0	0	lepzoo classification run-serial Muon0 RunSummer24 --file-index 627 --silence-mode
629	:	1758635958.040	     6.855	0	39	0	0	lepzoo classification run-serial Muon0 RunSummer24 --file-index 628 --silence-mode
630	:	1758635958.150	     7.605	0	39	0	0	lepzoo classification run-serial Muon0 RunSummer24 --file-index 629 --silence-mode
632	:	1758635959.454	     6.842	0	39	0	0	lepzoo classification run-serial Muon0 RunSummer24 --file-index 631 --silence-mode
631	:	1758635958.514	     7.822	0	39	0	0	lepzoo classification run-serial Muon0 RunSummer24 --file-index 630 --silence-mode
634	:	1758635959.843	     6.907	0	39	0	0	lepzoo classification run-serial Muon0 RunSummer24 --file-index 633 --silence-mode
633	:	1758635959.534	     8.498	0	39	0	0	lepzoo classification run-serial Muon0 RunSummer24 --file-index 632 --silence-mode
635	:	1758635960.405	     8.012	0	39	0	0	lepzoo classification run-serial Muon0 RunSummer24 --file-index 634 --silence-mode
636	:	1758635961.792	     7.468	0	39	0	0	lepzoo classification run-serial Muon0 RunSummer24 --file-index 635 --silence-mode
639	:	1758635967.141	     2.203	0	0	1	0	lepzoo classification run-serial Muon0 RunSummer24 --file-index 638 --silence-mode
638	:	1758635963.112	     6.720	0	39	0	0	lepzoo classification run-serial Muon0 RunSummer24 --file-index 637 --silence-mode
637	:	1758635961.812	     8.178	0	39	0	0	lepzoo classification run-serial Muon0 RunSummer24 --file-index 636 --silence-mode
640	:	1758635967.853	     2.324	0	0	1	0	lepzoo classification run-serial Muon0 RunSummer24 --file-index 639 --silence-mode
641	:	1758635968.249	     2.322	0	0	1	0	lepzoo classification run-serial Muon0 RunSummer24 --file-index 640 --silence-mode
